booking_date,state,total_policy_premium,total_gl_premium,variance
2024-01-01,FL,1856.75,1793.6000000000001,-63.149999999999864
2024-01-01,GA,9236.89,9475.9,239.01000000000022
2024-01-01,NC,1385.26,1454.52,69.25999999999999
2024-01-01,TX,1243.65,1243.65,0.0
2024-01-02,FL,3049.02,3091.86,42.840000000000146
2024-01-02,GA,11469.519999999999,11469.519999999999,0.0
2024-01-02,IL,14773.38,14426.08,-347.2999999999993
2024-01-02,NC,7364.64,7364.64,0.0
2024-01-02,TX,2251.1,2363.66,112.55999999999995
2024-01-03,FL,21268.02,23264.920000000002,1996.9000000000015
2024-01-03,GA,17289.66,21114.4,3824.7400000000016
2024-01-03,IL,12545.67,12515.29,-30.3799999999992
2024-01-03,NC,22806.39,18745.53,-4060.8600000000006
2024-01-03,TX,14062.89,13943.25,-119.63999999999942
2024-01-04,FL,18621.96,18716.98,95.02000000000044
2024-01-04,GA,22461.750000000004,13477.579999999998,-8984.170000000006
2024-01-04,IL,20431.260000000002,19977.510000000002,-453.75
2024-01-04,NC,6010.84,6010.84,0.0
2024-01-04,TX,16423.550000000003,9043.86,-7379.690000000002
2024-01-05,FL,17092.28,5415.630000000001,-11676.649999999998
2024-01-05,GA,43464.68,44441.44,976.760000000002
2024-01-05,IL,27965.54,26581.030000000002,-1384.5099999999984
2024-01-05,NC,26269.099999999995,26313.159999999996,44.06000000000131
2024-01-05,TX,18264.510000000002,17996.82,-267.6900000000023
2024-01-06,FL,4920.77,11957.05,7036.279999999999
2024-01-06,GA,27988.269999999997,23045.450000000004,-4942.819999999992
2024-01-06,IL,28483.88,31923.22,3439.34
2024-01-06,NC,25848.29,31538.53,5690.239999999998
2024-01-06,TX,21030.249999999996,20182.109999999997,-848.1399999999994
2024-01-07,FL,25772.15,19093.489999999998,-6678.6600000000035
2024-01-07,GA,28205.11,27460.070000000003,-745.0399999999972
2024-01-07,IL,40149.939999999995,34959.76,-5190.179999999993
2024-01-07,NC,46582.130000000005,44947.02,-1635.1100000000079
2024-01-07,TX,28651.15,29338.07,686.9199999999983
2024-01-08,FL,50712.57000000001,48804.820000000014,-1907.7499999999927
2024-01-08,GA,37299.78999999999,37552.22999999999,252.43999999999505
2024-01-08,IL,62583.98,61955.39,-628.5900000000038
2024-01-08,NC,37860.53,30280.479999999996,-7580.050000000003
2024-01-08,TX,34017.1,35292.10999999999,1275.0099999999948
2024-01-09,FL,37951.950000000004,37454.05,-497.90000000000146
2024-01-09,GA,33014.189999999995,32399.319999999996,-614.869999999999
2024-01-09,IL,48814.25,40577.520000000004,-8236.729999999996
2024-01-09,NC,39286.100000000006,39222.700000000004,-63.400000000001455
2024-01-09,TX,46110.11,36735.799999999996,-9374.310000000005
2024-01-10,FL,31329.880000000005,31682.010000000006,352.130000000001
2024-01-10,GA,18206.55,25140.870000000003,6934.320000000003
2024-01-10,IL,35269.18,45395.61999999999,10126.439999999988
2024-01-10,NC,61817.780000000006,62496.43,678.6499999999942
2024-01-10,TX,40942.36,38696.52,-2245.840000000004
2024-01-11,FL,25347.649999999998,25299.350000000002,-48.299999999995634
2024-01-11,GA,45457.14,45023.64,-433.5
2024-01-11,IL,50993.979999999996,49311.899999999994,-1682.0800000000017
2024-01-11,NC,28546.379999999997,29788.01,1241.630000000001
2024-01-11,TX,62229.909999999996,61941.97,-287.93999999999505
2024-01-12,FL,37100.340000000004,39063.25000000001,1962.9100000000035
2024-01-12,GA,52442.98,54493.049999999996,2050.0699999999924
2024-01-12,IL,47235.85,45333.740000000005,-1902.1099999999933
2024-01-12,NC,48638.060000000005,48660.59000000001,22.530000000006112
2024-01-12,TX,50437.29000000001,50178.71,-258.580000000009
2024-01-13,FL,39859.07,43664.64,3805.5699999999997
2024-01-13,GA,57795.399999999994,58251.64000000001,456.2400000000125
2024-01-13,IL,71537.95,61363.34999999999,-10174.600000000006
2024-01-13,NC,46696.73,47779.34,1082.6099999999933
2024-01-13,TX,61161.94,71756.51999999999,10594.579999999987
2024-01-14,FL,56596.18000000001,58934.25000000001,2338.0699999999997
2024-01-14,GA,41109.36000000001,42045.50000000001,936.1399999999994
2024-01-14,IL,84485.25,74723.25999999998,-9761.99000000002
2024-01-14,NC,58978.36,54718.68,-4259.68
2024-01-14,TX,68312.15,58161.41999999999,-10150.730000000003
2024-01-15,FL,59596.35,69224.95999999999,9628.609999999993
2024-01-15,GA,62165.740000000005,59759.69999999999,-2406.0400000000154
2024-01-15,IL,91274.79,91527.01000000002,252.22000000003027
2024-01-15,NC,57497.03,57155.67,-341.3600000000006
2024-01-15,TX,69477.28,67087.67,-2389.6100000000006
2024-01-16,FL,72791.08,75521.21,2730.1300000000047
2024-01-16,GA,80306.87,76770.78,-3536.0899999999965
2024-01-16,IL,65265.130000000005,60216.97,-5048.1600000000035
2024-01-16,NC,72061.49,55977.73000000002,-16083.759999999987
2024-01-16,TX,71991.34000000001,71596.21,-395.13000000000466
2024-01-17,FL,74139.95,73734.59999999999,-405.3500000000058
2024-01-17,GA,101102.59,93223.19000000002,-7879.39999999998
2024-01-17,IL,41599.71999999999,44055.979999999996,2456.2600000000093
2024-01-17,NC,61192.049999999996,66797.01999999999,5604.969999999994
2024-01-17,TX,75696.66999999998,70790.43000000001,-4906.239999999976
2024-01-18,FL,70553.41999999998,72488.15000000001,1934.730000000025
2024-01-18,GA,58133.97,57814.25,-319.72000000000116
2024-01-18,IL,94143.98999999998,76570.60999999999,-17573.37999999999
2024-01-18,NC,90567.73000000001,98098.79000000002,7531.060000000012
2024-01-18,TX,69125.29000000001,68384.25,-741.0400000000081
2024-01-19,FL,122383.87000000001,112326.48999999999,-10057.38000000002
2024-01-19,GA,91489.31,91349.97000000003,-139.3399999999674
2024-01-19,IL,75360.53,77900.28000000001,2539.7500000000146
2024-01-19,NC,96436.06,97524.12000000001,1088.0600000000122
2024-01-19,TX,69714.07999999999,71819.93999999999,2105.8600000000006
2024-01-20,FL,85002.34999999999,84131.20999999998,-871.140000000014
2024-01-20,GA,129471.46999999997,126753.77999999998,-2717.689999999988
2024-01-20,IL,82798.13999999998,86540.9,3742.7600000000093
2024-01-20,NC,68819.02,70144.44,1325.4199999999983
2024-01-20,TX,69111.44,71278.73,2167.2899999999936
2024-01-21,FL,112747.12,87476.49999999999,-25270.62000000001
2024-01-21,GA,70743.69,77825.56,7081.869999999995
2024-01-21,IL,105957.18999999997,101692.68999999997,-4264.5
2024-01-21,NC,98636.07999999997,89662.08,-8973.99999999997
2024-01-21,TX,105346.03,101790.79999999997,-3555.230000000025
2024-01-22,FL,97339.25000000001,101529.95000000001,4190.699999999997
2024-01-22,GA,82981.67000000001,81691.56000000001,-1290.1100000000006
2024-01-22,IL,142580.77,110379.05000000002,-32201.719999999972
2024-01-22,NC,81625.10999999999,76645.93999999999,-4979.169999999998
2024-01-22,TX,78437.69,80477.12999999999,2039.4399999999878
2024-01-23,FL,76856.63,81330.34999999999,4473.719999999987
2024-01-23,GA,108595.06,96723.71000000002,-11871.349999999977
2024-01-23,IL,100968.24,101182.81,214.56999999999243
2024-01-23,NC,104716.18000000001,90515.70999999999,-14200.470000000016
2024-01-23,TX,137406.17,146542.42,9136.25
2024-01-24,FL,117959.37,112720.01,-5239.360000000001
2024-01-24,GA,106356.37000000001,92908.27,-13448.100000000006
2024-01-24,IL,113373.18999999999,96375.92,-16997.26999999999
2024-01-24,NC,108111.45000000003,69363.98999999999,-38747.460000000036
2024-01-24,TX,116918.34999999999,121629.09999999999,4710.75
2024-01-25,FL,123101.43999999997,125447.14,2345.700000000026
2024-01-25,GA,111497.75,105034.23999999999,-6463.510000000009
2024-01-25,IL,124098.70999999996,120050.40000000002,-4048.3099999999395
2024-01-25,NC,89204.72000000003,79339.91000000002,-9864.810000000012
2024-01-25,TX,104589.19,95240.54999999999,-9348.640000000014
2024-01-26,FL,92535.48000000001,101099.79,8564.309999999983
2024-01-26,GA,119889.58000000002,107770.57000000002,-12119.009999999995
2024-01-26,IL,89905.58,84646.88999999998,-5258.690000000017
2024-01-26,NC,134391.47,116272.06000000003,-18119.409999999974
2024-01-26,TX,103639.31999999998,104852.00999999995,1212.6899999999732
2024-01-27,FL,171363.5,166628.82000000004,-4734.679999999964
2024-01-27,GA,105928.10000000002,100621.91000000003,-5306.189999999988
2024-01-27,IL,125150.14999999998,120464.82999999999,-4685.319999999992
2024-01-27,NC,129145.37000000002,120430.33,-8715.040000000023
2024-01-27,TX,175571.07,163917.36000000004,-11653.709999999963
2024-01-28,FL,92433.36000000002,93796.00000000001,1362.6399999999994
2024-01-28,GA,134844.19,126229.43000000001,-8614.759999999995
2024-01-28,IL,141421.35,134104.4,-7316.950000000012
2024-01-28,NC,90374.92000000001,77987.72,-12387.200000000012
2024-01-28,TX,68256.67,66107.43999999999,-2149.2300000000105
2024-01-29,FL,189462.71000000008,194241.49000000005,4778.77999999997
2024-01-29,GA,133879.22000000003,144386.97,10507.74999999997
2024-01-29,IL,108387.68999999999,111450.38999999997,3062.6999999999825
2024-01-29,NC,102948.17000000001,103016.85,68.67999999999302
2024-01-29,TX,110302.99000000002,109669.38000000002,-633.6100000000006
2024-01-30,FL,133009.42000000004,116434.33999999998,-16575.08000000006
2024-01-30,GA,139096.18000000002,127276.15000000001,-11820.030000000013
2024-01-30,IL,112396.06000000003,115053.81000000003,2657.75
2024-01-30,NC,105817.97,99949.00000000003,-5868.969999999972
2024-01-30,TX,134487.07000000004,121885.72000000003,-12601.350000000006
2024-01-31,FL,157573.75999999998,148661.93999999997,-8911.820000000007
2024-01-31,GA,146543.12000000002,151363.55000000005,4820.430000000022
2024-01-31,IL,133082.14,134875.82,1793.679999999993
2024-01-31,NC,86504.74999999999,76190.04999999999,-10314.699999999997
2024-01-31,TX,142947.04999999996,122274.71999999997,-20672.329999999987
2024-02-01,FL,162463.59999999986,146967.09999999995,-15496.499999999913
2024-02-01,GA,177773.22,165542.09000000003,-12231.129999999976
2024-02-01,IL,159344.31999999995,161388.08999999997,2043.7700000000186
2024-02-01,NC,130259.50999999998,134212.14,3952.6300000000338
2024-02-01,TX,154784.71000000005,156782.42,1997.7099999999627
2024-02-02,FL,98291.37999999999,83646.48999999999,-14644.89
2024-02-02,GA,120127.20000000001,118188.13,-1939.070000000007
2024-02-02,IL,131363.32000000004,125090.92000000001,-6272.400000000023
2024-02-02,NC,141159.71,133368.69999999998,-7791.010000000009
2024-02-02,TX,115717.70999999998,116815.73999999999,1098.0300000000134
2024-02-03,FL,132233.37999999998,133036.75999999995,803.3799999999756
2024-02-03,GA,132489.97999999998,115807.59,-16682.389999999985
2024-02-03,IL,105193.36999999997,101393.2,-3800.169999999969
2024-02-03,NC,127207.42999999998,126611.90999999999,-595.5199999999895
2024-02-03,TX,166843.04,157752.01,-9091.029999999999
2024-02-04,FL,129659.93000000002,127734.42000000004,-1925.5099999999802
2024-02-04,GA,130100.53999999996,118919.83999999998,-11180.699999999983
2024-02-04,IL,146563.36,143783.06000000003,-2780.2999999999593
2024-02-04,NC,138582.93,136631.84999999998,-1951.0800000000163
2024-02-04,TX,134744.14999999997,121168.91,-13575.239999999962
2024-02-05,FL,150044.32999999996,160456.3299999999,10411.999999999942
2024-02-05,GA,156040.61999999997,161206.57999999996,5165.959999999992
2024-02-05,IL,150204.41,146935.38999999998,-3269.0200000000186
2024-02-05,NC,112410.62000000002,104955.45999999999,-7455.160000000033
2024-02-05,TX,173114.70999999993,158908.27000000002,-14206.439999999915
2024-02-06,FL,134629.11,119165.79000000001,-15463.319999999978
2024-02-06,GA,139363.68,138312.13999999998,-1051.5400000000081
2024-02-06,IL,144173.05000000002,134416.08000000002,-9756.970000000001
2024-02-06,NC,147513.71999999997,125136.75999999997,-22376.960000000006
2024-02-06,TX,142440.90000000002,146736.43000000002,4295.529999999999
2024-02-07,FL,133445.24000000002,132559.80000000002,-885.4400000000023
2024-02-07,GA,126137.47,124501.91,-1635.5599999999977
2024-02-07,IL,130681.41999999997,129458.74999999999,-1222.6699999999837
2024-02-07,NC,150009.46,140992.01,-9017.449999999983
2024-02-07,TX,136103.5,133691.21000000002,-2412.289999999979
2024-02-08,FL,149062.09999999998,136989.56000000003,-12072.53999999995
2024-02-08,GA,151552.16,141702.16,-9850.0
2024-02-08,IL,111291.38000000002,117415.83,6124.4499999999825
2024-02-08,NC,124331.70000000001,126575.05,2243.3499999999913
2024-02-08,TX,154729.46000000002,143135.93999999994,-11593.520000000077
2024-02-09,FL,135436.78999999998,137987.95999999993,2551.1699999999546
2024-02-09,GA,119468.78,115732.54999999999,-3736.2300000000105
2024-02-09,IL,144943.44999999992,120169.23999999995,-24774.209999999977
2024-02-09,NC,125749.31000000001,130754.43,5005.119999999981
2024-02-09,TX,168969.81999999998,151121.95999999996,-17847.860000000015
2024-02-10,FL,120000.70000000004,115593.77000000002,-4406.930000000022
2024-02-10,GA,118366.70000000003,114386.31999999999,-3980.3800000000338
2024-02-10,IL,141030.00999999998,129899.97,-11130.039999999979
2024-02-10,NC,118820.07000000002,121058.68000000002,2238.6100000000006
2024-02-10,TX,132729.86,130571.85000000002,-2158.0099999999657
2024-02-11,FL,126914.59999999998,118187.01000000002,-8727.589999999953
2024-02-11,GA,142253.81999999998,131061.16000000002,-11192.65999999996
2024-02-11,IL,137849.53,123861.74999999999,-13987.780000000013
2024-02-11,NC,112785.29000000001,118309.98,5524.689999999988
2024-02-11,TX,189104.55,167128.35999999996,-21976.19000000003
2024-02-12,FL,146399.96999999994,139540.56,-6859.409999999945
2024-02-12,GA,122502.12000000002,121544.01000000001,-958.1100000000151
2024-02-12,IL,121431.22999999998,108862.38999999996,-12568.840000000026
2024-02-12,NC,108831.32999999999,95408.71,-13422.61999999998
2024-02-12,TX,137305.11000000007,103011.21000000002,-34293.90000000005
2024-02-13,FL,121998.32999999997,103276.98999999998,-18721.339999999997
2024-02-13,GA,102481.49,105755.12,3273.62999999999
2024-02-13,IL,139050.15999999995,123774.14999999995,-15276.009999999995
2024-02-13,NC,153528.09999999998,145538.36,-7989.739999999991
2024-02-13,TX,127222.04999999999,120854.07,-6367.979999999981
2024-02-14,FL,140473.83999999997,149055.95999999996,8582.119999999995
2024-02-14,GA,124843.31000000003,117489.84000000003,-7353.470000000001
2024-02-14,IL,152458.50999999995,127909.48000000001,-24549.02999999994
2024-02-14,NC,124037.02,112110.54999999996,-11926.470000000045
2024-02-14,TX,114708.87000000001,112911.89,-1796.9800000000105
2024-02-15,FL,129317.56,114491.79999999997,-14825.760000000024
2024-02-15,GA,134481.59,133432.90999999997,-1048.6800000000221
2024-02-15,IL,121769.36999999998,126864.80999999998,5095.440000000002
2024-02-15,NC,133044.68999999997,138277.86000000002,5233.170000000042
2024-02-15,TX,163324.39000000007,157625.76,-5698.630000000063
2024-02-16,FL,142421.84999999998,137950.66,-4471.189999999973
2024-02-16,GA,115252.62999999999,107526.18000000002,-7726.449999999968
2024-02-16,IL,122467.53,121921.78999999998,-545.7400000000198
2024-02-16,NC,143229.05000000002,137460.08999999997,-5768.96000000005
2024-02-16,TX,121714.52999999996,131195.99000000002,9481.460000000065
2024-02-17,FL,99509.51999999997,100503.35999999997,993.8399999999965
2024-02-17,GA,131399.82,138179.63999999998,6779.819999999978
2024-02-17,IL,132137.01000000004,139263.70000000004,7126.690000000002
2024-02-17,NC,149886.46,145844.57,-4041.889999999985
2024-02-17,TX,98047.71000000004,91720.02,-6327.690000000031
2024-02-18,FL,146701.96000000002,137989.67,-8712.290000000008
2024-02-18,GA,161352.74000000005,131467.87999999998,-29884.860000000073
2024-02-18,IL,117524.84999999995,114581.34999999999,-2943.4999999999563
2024-02-18,NC,120688.86,124769.28,4080.4199999999983
2024-02-18,TX,169006.41000000006,163358.55000000002,-5647.860000000044
2024-02-19,FL,105801.97000000004,107174.14000000004,1372.1699999999983
2024-02-19,GA,120545.73999999999,119575.07999999999,-970.6600000000035
2024-02-19,IL,192070.3099999999,184884.55999999988,-7185.750000000029
2024-02-19,NC,134608.84,132814.78000000003,-1794.0599999999686
2024-02-19,TX,155917.18000000002,146776.84,-9140.340000000026
2024-02-20,FL,109133.76999999999,115811.81999999999,6678.050000000003
2024-02-20,GA,105716.86,111232.88000000003,5516.020000000033
2024-02-20,IL,132764.85,139421.98,6657.130000000005
2024-02-20,NC,121101.37999999999,112138.04000000001,-8963.339999999982
2024-02-20,TX,142141.96,132981.18000000002,-9160.77999999997
2024-02-21,FL,149308.08000000002,147149.44,-2158.640000000014
2024-02-21,GA,108989.78999999998,110167.02999999998,1177.2400000000052
2024-02-21,IL,124143.42000000001,115580.87000000004,-8562.549999999974
2024-02-21,NC,134764.86,118120.92999999996,-16643.930000000022
2024-02-21,TX,155116.54,144977.21,-10139.330000000016
2024-02-22,FL,131782.31,125448.01999999997,-6334.290000000023
2024-02-22,GA,160396.57000000004,165880.62,5484.049999999959
2024-02-22,IL,126481.95999999999,126082.28999999998,-399.6700000000128
2024-02-22,NC,142341.76000000004,139584.07,-2757.6900000000314
2024-02-22,TX,134651.69999999998,125426.07,-9225.629999999976
2024-02-23,FL,126385.07999999997,128346.73999999999,1961.660000000018
2024-02-23,GA,107371.8,100857.95,-6513.850000000006
2024-02-23,IL,137131.44000000003,131231.93000000005,-5899.50999999998
2024-02-23,NC,124833.42999999998,123857.41999999998,-976.0099999999948
2024-02-23,TX,105431.70999999999,104470.35999999999,-961.3500000000058
2024-02-24,FL,136402.13999999998,114638.32000000002,-21763.819999999963
2024-02-24,GA,128304.01000000001,120362.55000000002,-7941.459999999992
2024-02-24,IL,139033.02,116322.01999999996,-22711.00000000003
2024-02-24,NC,123643.27,118447.39000000001,-5195.87999999999
2024-02-24,TX,138144.53999999998,128240.31999999996,-9904.220000000016
2024-02-25,FL,135689.97,126045.83,-9644.14
2024-02-25,GA,150022.24,143412.05000000002,-6610.189999999973
2024-02-25,IL,160590.41,148791.22,-11799.190000000002
2024-02-25,NC,123587.61000000003,109261.69000000002,-14325.920000000013
2024-02-25,TX,144793.11000000002,136351.46,-8441.650000000023
2024-02-26,FL,108661.87999999999,114808.01000000001,6146.130000000019
2024-02-26,GA,162231.52999999997,165314.28,3082.750000000029
2024-02-26,IL,121487.99,113601.65999999997,-7886.330000000031
2024-02-26,NC,161765.08000000005,157666.36,-4098.720000000059
2024-02-26,TX,149731.79000000004,135306.95999999996,-14424.830000000075
2024-02-27,FL,96276.45,93424.02,-2852.429999999993
2024-02-27,GA,109024.28999999998,100219.76000000002,-8804.529999999955
2024-02-27,IL,142826.63999999998,129108.64,-13717.999999999985
2024-02-27,NC,120310.82,116709.46999999999,-3601.3500000000204
2024-02-27,TX,144341.15000000002,104488.38000000003,-39852.76999999999
2024-02-28,FL,137607.33000000007,138114.51000000004,507.1799999999639
2024-02-28,GA,137871.32000000007,108515.09999999998,-29356.22000000009
2024-02-28,IL,136780.92999999996,112841.59999999998,-23939.329999999987
2024-02-28,NC,129646.05999999998,101594.31,-28051.749999999985
2024-02-28,TX,80224.30000000002,73581.50000000003,-6642.799999999988
2024-02-29,FL,132733.99000000002,126531.48000000005,-6202.509999999966
2024-02-29,GA,153803.46000000005,152129.88000000003,-1673.5800000000163
2024-02-29,IL,109322.49999999999,97212.57999999996,-12109.920000000027
2024-02-29,NC,109977.95000000001,111010.37,1032.4199999999837
2024-02-29,TX,152903.60000000003,148917.77,-3985.8300000000454
2024-03-01,FL,133388.56999999998,130491.51999999997,-2897.050000000003
2024-03-01,GA,131208.86,126359.41999999998,-4849.440000000002
2024-03-01,IL,122410.23000000001,117126.87000000001,-5283.360000000001
2024-03-01,NC,164189.22,157138.08000000002,-7051.139999999985
2024-03-01,TX,100432.75,94583.13,-5849.619999999995
2024-03-02,FL,168876.8899999999,159404.12999999995,-9472.759999999951
2024-03-02,GA,133381.26,138402.62,5021.359999999986
2024-03-02,IL,153303.62000000005,141695.53,-11608.090000000055
2024-03-02,NC,138060.02,132348.09,-5711.929999999993
2024-03-02,TX,133460.14,125528.58,-7931.560000000012
2024-03-03,FL,110805.61999999998,108744.62,-2060.9999999999854
2024-03-03,GA,84581.93,87432.70999999998,2850.7799999999843
2024-03-03,IL,104879.21999999999,110769.51000000001,5890.290000000023
2024-03-03,NC,157862.6600000001,154379.62000000005,-3483.0400000000373
2024-03-03,TX,117834.77,106669.87999999998,-11164.890000000029
2024-03-04,FL,152895.11000000002,151794.50999999998,-1100.600000000035
2024-03-04,GA,121541.61,111509.15999999997,-10032.450000000026
2024-03-04,IL,118256.69,119888.46,1631.770000000004
2024-03-04,NC,131400.66,127174.51000000001,-4226.149999999994
2024-03-04,TX,129934.83000000003,126696.63000000003,-3238.199999999997
2024-03-05,FL,143779.86,131280.64999999997,-12499.210000000021
2024-03-05,GA,119635.97,120837.00000000003,1201.030000000028
2024-03-05,IL,164165.67000000004,165397.98000000007,1232.3100000000268
2024-03-05,NC,140675.40999999995,111892.14999999997,-28783.25999999998
2024-03-05,TX,150208.52999999997,126159.17,-24049.35999999997
2024-03-06,FL,100984.14000000003,111907.22000000003,10923.080000000002
2024-03-06,GA,145276.52000000002,145278.50000000006,1.9800000000395812
2024-03-06,IL,113255.07999999999,104681.79,-8573.289999999994
2024-03-06,NC,137933.95999999996,145496.61999999994,7562.659999999974
2024-03-06,TX,123751.45000000006,120280.70000000001,-3470.7500000000437
2024-03-07,FL,165859.30000000005,153035.88000000003,-12823.420000000013
2024-03-07,GA,149719.01000000004,153794.99999999997,4075.9899999999325
2024-03-07,IL,160489.16,149135.18,-11353.98000000001
2024-03-07,NC,144597.34,136110.88,-8486.459999999992
2024-03-07,TX,127742.44,131101.23,3358.790000000008
2024-03-08,FL,154371.12000000002,132425.72999999998,-21945.390000000043
2024-03-08,GA,118291.9,104105.98000000003,-14185.91999999997
2024-03-08,IL,113187.98000000001,108569.02000000002,-4618.959999999992
2024-03-08,NC,122205.67999999998,112716.09000000003,-9489.589999999953
2024-03-08,TX,110354.33000000002,99963.16,-10391.170000000013
2024-03-09,FL,146578.50999999998,131005.02999999998,-15573.479999999996
2024-03-09,GA,110305.06000000003,110242.49000000002,-62.570000000006985
2024-03-09,IL,133370.0,127764.84,-5605.1600000000035
2024-03-09,NC,120716.0,100583.76,-20132.240000000005
2024-03-09,TX,125624.33999999997,110252.88999999996,-15371.450000000012
2024-03-10,FL,129786.21,123096.53999999996,-6689.670000000042
2024-03-10,GA,146864.37999999998,145610.48000000004,-1253.899999999936
2024-03-10,IL,136691.79,136952.03999999998,260.2499999999709
2024-03-10,NC,147127.78999999995,137424.11,-9703.679999999964
2024-03-10,TX,141970.20999999993,122601.34,-19368.869999999937
2024-03-11,FL,121021.76000000001,120648.18,-373.5800000000163
2024-03-11,GA,139616.39999999997,123704.04999999997,-15912.349999999991
2024-03-11,IL,142631.04,144220.72999999998,1589.6899999999732
2024-03-11,NC,156595.13999999998,160819.07999999996,4223.939999999973
2024-03-11,TX,123554.08999999998,112636.01999999999,-10918.069999999992
2024-03-12,FL,122884.57999999999,127744.40999999999,4859.830000000002
2024-03-12,GA,114404.41,109492.86999999998,-4911.540000000023
2024-03-12,IL,153709.13,137762.61000000002,-15946.51999999999
2024-03-12,NC,143706.34999999992,152752.09999999995,9045.75000000003
2024-03-12,TX,106968.80000000002,112157.34000000003,5188.540000000008
2024-03-13,FL,129423.19999999998,131164.50999999998,1741.3099999999977
2024-03-13,GA,177030.06,159399.7,-17630.359999999986
2024-03-13,IL,158680.49999999997,149707.86,-8972.639999999985
2024-03-13,NC,166309.28000000006,157455.8000000001,-8853.479999999952
2024-03-13,TX,190151.90000000002,174811.00000000003,-15340.899999999994
2024-03-14,FL,153143.77999999997,155360.30999999997,2216.529999999999
2024-03-14,GA,137378.50999999995,122071.50999999998,-15306.99999999997
2024-03-14,IL,134730.32,127691.37999999999,-7038.940000000017
2024-03-14,NC,126315.83000000002,120681.86,-5633.970000000016
2024-03-14,TX,147076.85,140613.83000000002,-6463.0199999999895
2024-03-15,FL,142414.30000000005,135303.99000000002,-7110.310000000027
2024-03-15,GA,120680.75999999998,94412.95999999999,-26267.79999999999
2024-03-15,IL,113392.53,98229.04,-15163.490000000005
2024-03-15,NC,139975.92999999996,132072.13999999996,-7903.790000000008
2024-03-15,TX,105204.87,102662.10999999999,-2542.7600000000093
2024-03-16,FL,117203.25000000004,98538.66000000002,-18664.590000000026
2024-03-16,GA,162685.36999999997,157883.43,-4801.939999999973
2024-03-16,IL,147487.06999999998,140220.92,-7266.149999999965
2024-03-16,NC,142235.33999999997,133444.9,-8790.439999999973
2024-03-16,TX,145395.5,136543.7,-8851.799999999988
2024-03-17,FL,146022.07000000004,127747.71000000004,-18274.36
2024-03-17,GA,127386.34999999998,122545.47999999998,-4840.869999999995
2024-03-17,IL,137078.61,148068.90999999997,10990.299999999988
2024-03-17,NC,144421.94,136291.85,-8130.0899999999965
2024-03-17,TX,140522.65999999997,141305.87999999998,783.2200000000012
2024-03-18,FL,123993.81000000001,125920.12000000004,1926.3100000000268
2024-03-18,GA,164882.09000000008,145916.41000000006,-18965.680000000022
2024-03-18,IL,103320.06999999999,94113.79999999999,-9206.270000000004
2024-03-18,NC,122505.61999999997,118572.60999999996,-3933.0100000000093
2024-03-18,TX,103646.15000000001,95349.40000000001,-8296.75
2024-03-19,FL,105516.40999999999,99736.87000000001,-5779.539999999979
2024-03-19,GA,129766.43000000001,117059.37,-12707.060000000012
2024-03-19,IL,131269.4,128289.42999999996,-2979.9700000000303
2024-03-19,NC,117586.59999999998,107934.04000000001,-9652.559999999969
2024-03-19,TX,143734.16999999998,143526.51000000004,-207.65999999994528
2024-03-20,FL,123604.45,110625.89999999997,-12978.550000000032
2024-03-20,GA,141561.42,137509.06000000003,-4052.359999999986
2024-03-20,IL,203835.97,194058.15000000002,-9777.819999999978
2024-03-20,NC,113654.11,88515.50999999998,-25138.60000000002
2024-03-20,TX,142172.37000000002,135535.41,-6636.960000000021
2024-03-21,FL,170525.99,169497.48999999993,-1028.5000000000582
2024-03-21,GA,108031.45000000001,98447.83,-9583.62000000001
2024-03-21,IL,153795.57,149966.11999999997,-3829.4500000000407
2024-03-21,NC,154246.05000000002,159264.00000000006,5017.950000000041
2024-03-21,TX,144780.75999999998,147424.92999999996,2644.1699999999837
2024-03-22,FL,124016.83,113192.87000000001,-10823.959999999992
2024-03-22,GA,128355.18999999999,132605.05999999997,4249.869999999981
2024-03-22,IL,123046.53000000001,116003.06,-7043.470000000016
2024-03-22,NC,108573.45,111978.22999999998,3404.7799999999843
2024-03-22,TX,140058.17,141941.69999999998,1883.5299999999697
2024-03-23,FL,123897.55000000003,132821.61000000002,8924.059999999983
2024-03-23,GA,112996.76999999999,94548.44000000002,-18448.329999999973
2024-03-23,IL,106846.26999999999,102965.76999999999,-3880.5
2024-03-23,NC,138638.08,124762.06,-13876.01999999999
2024-03-23,TX,144113.55000000002,145848.99000000002,1735.4400000000023
2024-03-24,FL,146740.2,148105.11000000002,1364.9100000000035
2024-03-24,GA,167752.56000000003,147524.09999999998,-20228.46000000005
2024-03-24,IL,123977.89,124331.39999999998,353.5099999999802
2024-03-24,NC,134160.73,122400.74000000003,-11759.989999999976
2024-03-24,TX,131106.19000000003,128497.95000000001,-2608.24000000002
2024-03-25,FL,121238.79999999997,123227.65999999999,1988.8600000000151
2024-03-25,GA,131085.55000000002,130176.72000000002,-908.8300000000017
2024-03-25,IL,124961.58,119967.8,-4993.779999999999
2024-03-25,NC,160134.76,133166.71,-26968.050000000017
2024-03-25,TX,188325.80999999997,187710.03,-615.7799999999697
2024-03-26,FL,140711.3,140109.64,-601.6599999999744
2024-03-26,GA,162488.15999999997,154023.94,-8464.219999999972
2024-03-26,IL,163927.9,162444.19000000003,-1483.7099999999627
2024-03-26,NC,117578.78,108996.92000000001,-8581.859999999986
2024-03-26,TX,147975.91,140343.76999999996,-7632.140000000043
2024-03-27,FL,118317.09999999999,95529.91,-22787.189999999988
2024-03-27,GA,152886.38999999998,133523.78999999998,-19362.600000000006
2024-03-27,IL,134192.46,133579.54,-612.9199999999837
2024-03-27,NC,156611.13,149428.63,-7182.5
2024-03-27,TX,160330.0,158665.59000000003,-1664.4099999999744
2024-03-28,FL,131531.51000000004,126317.5,-5214.010000000038
2024-03-28,GA,140731.47,134072.82,-6658.649999999994
2024-03-28,IL,120784.12000000004,123102.98,2318.859999999957
2024-03-28,NC,132507.35,132917.38999999998,410.03999999997905
2024-03-28,TX,125741.74000000003,119953.33000000002,-5788.410000000018
2024-03-29,FL,157926.26,158331.68000000002,405.4200000000128
2024-03-29,GA,149697.56000000006,151213.40000000002,1515.8399999999674
2024-03-29,IL,136487.83999999997,129642.76000000001,-6845.079999999958
2024-03-29,NC,156601.91,151181.42000000004,-5420.489999999962
2024-03-29,TX,118597.24999999999,123464.56999999998,4867.319999999992
2024-03-30,FL,115573.26000000001,113549.49999999997,-2023.7600000000384
2024-03-30,GA,166850.19000000006,157306.70000000004,-9543.49000000002
2024-03-30,IL,132033.02,118833.46999999999,-13199.550000000003
2024-03-30,NC,142564.02999999997,132609.33000000002,-9954.699999999953
2024-03-30,TX,125214.56999999999,111987.94999999992,-13226.620000000068
2024-03-31,FL,122730.16,119374.66,-3355.5
2024-03-31,GA,109927.31000000003,112449.55000000005,2522.24000000002
2024-03-31,IL,138836.50999999998,134542.94,-4293.569999999978
2024-03-31,NC,146796.64,138732.8,-8063.840000000026
2024-03-31,TX,192985.66000000006,183418.12999999998,-9567.530000000086
2024-04-01,FL,154158.88999999998,149454.09999999995,-4704.790000000037
2024-04-01,GA,103152.71999999999,100270.93999999999,-2881.779999999999
2024-04-01,IL,127774.40000000002,128821.28000000003,1046.8800000000047
2024-04-01,NC,85850.31,80463.89,-5386.419999999998
2024-04-01,TX,137680.88999999998,129207.94,-8472.949999999983
2024-04-02,FL,131650.13999999998,121618.58999999998,-10031.550000000003
2024-04-02,GA,114781.47000000002,117273.31999999996,2491.8499999999476
2024-04-02,IL,153031.43000000005,134847.24,-18184.19000000006
2024-04-02,NC,170328.84999999995,163631.9,-6696.949999999953
2024-04-02,TX,119773.29,122486.43999999999,2713.149999999994
2024-04-03,FL,130679.79,111748.48000000001,-18931.309999999983
2024-04-03,GA,129954.25000000003,126996.20000000001,-2958.0500000000175
2024-04-03,IL,171067.09999999995,171821.42999999996,754.3300000000163
2024-04-03,NC,123475.67999999996,124026.89999999998,551.2200000000157
2024-04-03,TX,134413.82,119896.35000000002,-14517.469999999987
2024-04-04,FL,118551.83,107930.30000000003,-10621.52999999997
2024-04-04,GA,141737.38999999996,141019.25999999998,-718.1299999999756
2024-04-04,IL,156223.36999999997,160560.99999999997,4337.630000000005
2024-04-04,NC,114024.70999999999,101218.82999999999,-12805.880000000005
2024-04-04,TX,143441.76,132946.76,-10495.0
2024-04-05,FL,119033.52,115020.41999999998,-4013.1000000000204
2024-04-05,GA,143366.41000000003,138958.25000000003,-4408.1600000000035
2024-04-05,IL,120865.14999999998,118191.64000000003,-2673.509999999951
2024-04-05,NC,113454.33999999998,111435.34999999996,-2018.9900000000198
2024-04-05,TX,147860.67,148317.94999999998,457.27999999996973
2024-04-06,FL,159750.18000000002,159805.33,55.149999999965075
2024-04-06,GA,126863.89000000001,117838.78000000003,-9025.109999999986
2024-04-06,IL,140457.42,141167.15999999997,709.7399999999616
2024-04-06,NC,129546.25000000001,132159.02000000002,2612.770000000004
2024-04-06,TX,150546.07999999996,153278.94999999995,2732.8699999999953
2024-04-07,FL,126080.40999999999,121469.94000000002,-4610.469999999972
2024-04-07,GA,145247.78000000003,143551.11000000002,-1696.6700000000128
2024-04-07,IL,121585.51000000001,115112.84,-6472.670000000013
2024-04-07,NC,113872.52,117084.32999999997,3211.8099999999686
2024-04-07,TX,182415.77,174400.08,-8015.690000000002
2024-04-08,FL,128425.95,127593.41,-832.5399999999936
2024-04-08,GA,121296.97,111440.39000000001,-9856.579999999987
2024-04-08,IL,131812.47999999998,121082.81,-10729.669999999984
2024-04-08,NC,135303.34999999998,132873.25,-2430.0999999999767
2024-04-08,TX,178346.52000000002,172927.52999999994,-5418.990000000078
2024-04-09,FL,135098.47999999998,128733.13,-6365.349999999977
2024-04-09,GA,130310.37,138882.15999999997,8571.789999999979
2024-04-09,IL,134311.69,135334.58,1022.8899999999849
2024-04-09,NC,130804.09,117462.67000000001,-13341.419999999984
2024-04-09,TX,143944.84999999998,134440.68,-9504.169999999984
2024-04-10,FL,114225.79999999999,90055.58999999998,-24170.210000000006
2024-04-10,GA,143553.08,127788.48999999996,-15764.590000000026
2024-04-10,IL,144345.17,141480.53999999998,-2864.6300000000338
2024-04-10,NC,155357.23,152333.8200000001,-3023.409999999916
2024-04-10,TX,111503.24999999997,97027.35999999997,-14475.89
2024-04-11,FL,192888.65000000002,187502.43999999997,-5386.21000000005
2024-04-11,GA,143431.64999999997,156024.17999999996,12592.529999999999
2024-04-11,IL,136788.66,132726.74,-4061.920000000013
2024-04-11,NC,147783.19000000006,142347.43999999997,-5435.750000000087
2024-04-11,TX,115885.57999999999,96723.66999999997,-19161.910000000018
2024-04-12,FL,125271.20999999998,130018.24000000003,4747.030000000057
2024-04-12,GA,96829.46999999997,98879.32999999999,2049.860000000015
2024-04-12,IL,96621.84000000004,70060.78000000001,-26561.060000000027
2024-04-12,NC,149725.04,144691.08999999997,-5033.950000000041
2024-04-12,TX,149230.79,154185.99000000005,4955.200000000041
2024-04-13,FL,177550.55000000002,163293.25000000003,-14257.299999999988
2024-04-13,GA,151454.99,147734.97,-3720.0199999999895
2024-04-13,IL,122636.96,135635.90000000005,12998.940000000046
2024-04-13,NC,147194.41,118456.88000000003,-28737.52999999997
2024-04-13,TX,145978.03,155586.89,9608.860000000015
2024-04-14,FL,140173.08000000002,138959.36000000002,-1213.7200000000012
2024-04-14,GA,140390.58000000002,135022.70000000004,-5367.879999999976
2024-04-14,IL,81788.74999999997,81857.09999999998,68.35000000000582
2024-04-14,NC,156298.95000000004,147929.55000000002,-8369.400000000023
2024-04-14,TX,120678.39999999998,111109.92000000004,-9568.479999999938
2024-04-15,FL,146097.91000000003,129187.27999999996,-16910.630000000077
2024-04-15,GA,147215.93999999994,137329.55000000002,-9886.389999999927
2024-04-15,IL,110687.20000000001,86670.92,-24016.280000000013
2024-04-15,NC,134806.15000000002,136054.99000000002,1248.8399999999965
2024-04-15,TX,138941.61000000002,129719.73000000003,-9221.87999999999
2024-04-16,FL,136225.43999999997,137075.81,850.3700000000244
2024-04-16,GA,153382.99000000005,153878.37000000005,495.38000000000466
2024-04-16,IL,209575.54000000004,188248.85000000003,-21326.690000000002
2024-04-16,NC,138176.47999999995,137915.22999999998,-261.2499999999709
2024-04-16,TX,129137.76000000001,131413.94000000003,2276.180000000022
2024-04-17,FL,107870.96999999999,109908.73999999998,2037.7699999999895
2024-04-17,GA,162337.8,150811.08999999997,-11526.710000000021
2024-04-17,IL,150160.00999999998,120426.41999999998,-29733.589999999997
2024-04-17,NC,143946.44,117972.71999999996,-25973.720000000045
2024-04-17,TX,133670.65,125897.10999999999,-7773.540000000008
2024-04-18,FL,153495.94,144406.75000000003,-9089.189999999973
2024-04-18,GA,91445.63999999998,98263.63,6817.99000000002
2024-04-18,IL,119756.77,113646.53000000003,-6110.239999999976
2024-04-18,NC,135762.28,102102.58999999995,-33659.690000000046
2024-04-18,TX,163345.41000000003,150567.79,-12777.620000000024
2024-04-19,FL,128413.73,114937.59999999999,-13476.130000000005
2024-04-19,GA,143711.91,124057.87999999998,-19654.030000000028
2024-04-19,IL,133897.54,121696.09000000003,-12201.449999999983
2024-04-19,NC,138368.77000000002,122129.34999999998,-16239.420000000042
2024-04-19,TX,151951.98999999996,158729.24999999997,6777.260000000009
2024-04-20,FL,170147.4,148078.23,-22069.169999999984
2024-04-20,GA,141094.66000000003,130922.98999999999,-10171.670000000042
2024-04-20,IL,150403.06999999998,145632.16999999998,-4770.899999999994
2024-04-20,NC,168140.05999999997,157815.66999999998,-10324.389999999985
2024-04-20,TX,145117.72999999998,126457.09000000001,-18660.63999999997
2024-04-21,FL,141322.47999999998,134789.87000000002,-6532.609999999957
2024-04-21,GA,153374.75000000003,127912.48000000001,-25462.27000000002
2024-04-21,IL,137712.71000000002,137156.77000000002,-555.9400000000023
2024-04-21,NC,107856.22999999997,112009.12999999996,4152.899999999994
2024-04-21,TX,185864.2700000001,181303.79000000007,-4560.48000000004
2024-04-22,FL,112540.27,105156.25999999998,-7384.010000000024
2024-04-22,GA,142993.23,125254.11000000004,-17739.119999999966
2024-04-22,IL,124403.56000000003,115029.93000000002,-9373.630000000005
2024-04-22,NC,150773.02000000002,148881.2,-1891.820000000007
2024-04-22,TX,108485.80000000002,102425.61999999998,-6060.180000000037
2024-04-23,FL,141917.65000000002,144637.01000000004,2719.360000000015
2024-04-23,GA,146370.00000000003,125998.22000000002,-20371.780000000013
2024-04-23,IL,129851.94,119448.03999999998,-10403.900000000023
2024-04-23,NC,125717.36999999998,129975.06999999996,4257.6999999999825
2024-04-23,TX,127257.12000000004,101723.07999999999,-25534.04000000005
2024-04-24,FL,140639.51,147292.78000000003,6653.270000000019
2024-04-24,GA,158533.24,129974.21000000002,-28559.02999999997
2024-04-24,IL,138712.66,131270.38,-7442.279999999999
2024-04-24,NC,122202.48,120611.9,-1590.5800000000017
2024-04-24,TX,147207.92999999996,129357.28,-17850.649999999965
2024-04-25,FL,128164.6,123635.20999999998,-4529.3900000000285
2024-04-25,GA,139643.45999999996,136250.13,-3393.329999999958
2024-04-25,IL,143526.98000000004,131197.89999999997,-12329.080000000075
2024-04-25,NC,141000.41000000003,139924.64,-1075.7700000000186
2024-04-25,TX,165235.38999999998,143079.96000000002,-22155.429999999964
2024-04-26,FL,129283.98000000001,121394.50000000004,-7889.479999999967
2024-04-26,GA,137776.38000000003,126453.55000000003,-11322.830000000002
2024-04-26,IL,164153.77999999997,163259.39999999997,-894.3800000000047
2024-04-26,NC,159266.6499999999,173438.47999999998,14171.830000000075
2024-04-26,TX,161552.59000000003,153109.78000000003,-8442.809999999998
2024-04-27,FL,200199.52000000005,189627.00000000006,-10572.51999999999
2024-04-27,GA,153015.80999999997,139644.01,-13371.79999999996
2024-04-27,IL,119195.93000000001,120219.64,1023.7099999999919
2024-04-27,NC,131935.85000000003,127330.99000000002,-4604.860000000015
2024-04-27,TX,124414.27999999996,95833.9,-28580.37999999996
2024-04-28,FL,111799.89999999997,114965.01999999997,3165.12000000001
2024-04-28,GA,183897.0399999999,170938.86999999994,-12958.169999999955
2024-04-28,IL,138730.40000000002,143908.13,5177.729999999981
2024-04-28,NC,136076.27999999997,140335.20999999996,4258.929999999993
2024-04-28,TX,120419.22000000006,108869.54000000002,-11549.680000000037
2024-04-29,FL,149301.35000000003,151109.14000000007,1807.7900000000373
2024-04-29,GA,152251.86,146872.84,-5379.0199999999895
2024-04-29,IL,121915.97999999998,113135.09999999998,-8780.880000000005
2024-04-29,NC,118328.86000000003,106366.56,-11962.300000000032
2024-04-29,TX,168653.46999999994,164017.71,-4635.759999999951
2024-04-30,FL,126936.52999999997,110875.66999999997,-16060.86
2024-04-30,GA,168303.09,161825.14,-6477.9499999999825
2024-04-30,IL,195465.96,178869.83,-16596.130000000005
2024-04-30,NC,125322.22000000003,105936.58999999998,-19385.63000000005
2024-04-30,TX,131721.98,126704.83,-5017.150000000009
2024-05-01,FL,172819.16999999998,157288.78,-15530.389999999985
2024-05-01,GA,130624.15000000001,127408.92,-3215.2300000000105
2024-05-01,IL,137099.71999999997,135217.08000000002,-1882.6399999999558
2024-05-01,NC,126742.85,123738.11000000002,-3004.7399999999907
2024-05-01,TX,134024.61000000002,126973.04,-7051.5700000000215
2024-05-02,FL,137349.13,138896.02999999997,1546.899999999965
2024-05-02,GA,153985.54999999996,152673.12999999995,-1312.4200000000128
2024-05-02,IL,136738.59000000005,136055.34000000005,-683.25
2024-05-02,NC,115131.38000000002,110966.07,-4165.310000000012
2024-05-02,TX,93813.68999999997,96477.91999999998,2664.2300000000105
2024-05-03,FL,129392.61999999998,130774.76000000002,1382.140000000043
2024-05-03,GA,118527.45000000001,125315.97,6788.5199999999895
2024-05-03,IL,137956.91,137258.23999999996,-698.6700000000419
2024-05-03,NC,142016.50999999995,147693.64999999997,5677.140000000014
2024-05-03,TX,152648.47000000003,151930.78000000003,-717.6900000000023
2024-05-04,FL,108133.21999999997,92618.81999999999,-15514.39999999998
2024-05-04,GA,147412.40999999997,105821.99000000002,-41590.419999999955
2024-05-04,IL,133761.29,116048.00999999997,-17713.280000000042
2024-05-04,NC,168349.87999999998,178989.22999999995,10639.349999999977
2024-05-04,TX,163027.00999999998,152023.3,-11003.709999999992
2024-05-05,FL,125516.37000000001,117909.22999999998,-7607.1400000000285
2024-05-05,GA,127818.12000000002,115175.42000000001,-12642.700000000012
2024-05-05,IL,137366.55000000002,134276.06,-3090.49000000002
2024-05-05,NC,152448.63999999998,138181.20000000004,-14267.439999999944
2024-05-05,TX,137880.89999999997,135633.06999999998,-2247.829999999987
2024-05-06,FL,142104.68,129674.94000000002,-12429.739999999976
2024-05-06,GA,123475.03000000001,99530.76000000005,-23944.26999999996
2024-05-06,IL,135254.96000000002,136427.00000000003,1172.0400000000081
2024-05-06,NC,151993.01999999996,146054.33999999994,-5938.680000000022
2024-05-06,TX,152020.01999999993,147682.86000000002,-4337.159999999916
2024-05-07,FL,148451.17999999993,149774.05999999997,1322.8800000000338
2024-05-07,GA,171705.90999999997,164877.97,-6827.939999999973
2024-05-07,IL,149108.15000000002,152770.67000000004,3662.5200000000186
2024-05-07,NC,133329.82,132918.43,-411.39000000001397
2024-05-07,TX,75339.67000000001,81082.97000000002,5743.300000000003
2024-05-08,FL,132921.72999999998,121231.12999999998,-11690.600000000006
2024-05-08,GA,140472.15000000002,141716.18000000002,1244.0299999999988
2024-05-08,IL,169833.77999999997,173702.32,3868.5400000000373
2024-05-08,NC,136414.72,132912.48,-3502.2399999999907
2024-05-08,TX,157499.0,131648.94999999998,-25850.050000000017
2024-05-09,FL,117822.82000000004,114867.34000000003,-2955.4800000000105
2024-05-09,GA,100772.86999999998,95709.63999999997,-5063.2300000000105
2024-05-09,IL,154209.10000000003,156669.10000000003,2460.0
2024-05-09,NC,144714.52999999997,137700.67999999993,-7013.850000000035
2024-05-09,TX,117912.32999999999,91010.79000000001,-26901.53999999998
2024-05-10,FL,106677.41,102372.47000000002,-4304.939999999988
2024-05-10,GA,95394.27,98658.50999999998,3264.239999999976
2024-05-10,IL,109415.97000000003,96034.33999999997,-13381.630000000063
2024-05-10,NC,157295.89000000007,135881.01,-21414.880000000063
2024-05-10,TX,156604.94,158004.50000000003,1399.5600000000268
2024-05-11,FL,143822.83000000005,141775.12,-2047.71000000005
2024-05-11,GA,151966.64,157131.81,5165.169999999984
2024-05-11,IL,195813.07000000007,190225.33000000007,-5587.739999999991
2024-05-11,NC,135214.38,133755.22,-1459.1600000000035
2024-05-11,TX,135558.85999999996,134262.79,-1296.0699999999488
2024-05-12,FL,119561.18999999999,108000.25000000001,-11560.939999999973
2024-05-12,GA,156050.89,160554.92000000007,4504.030000000057
2024-05-12,IL,138036.06000000003,135131.35,-2904.710000000021
2024-05-12,NC,117216.03999999998,113023.79,-4192.249999999985
2024-05-12,TX,170017.74999999997,161204.58999999997,-8813.160000000003
2024-05-13,FL,101031.93,111296.53000000003,10264.600000000035
2024-05-13,GA,104961.01000000001,93911.95,-11049.060000000012
2024-05-13,IL,147677.28000000003,144053.85000000006,-3623.429999999964
2024-05-13,NC,150912.81,155627.47,4714.6600000000035
2024-05-13,TX,166638.47999999998,162008.18000000005,-4630.29999999993
2024-05-14,FL,137747.52000000005,127334.72,-10412.800000000047
2024-05-14,GA,114680.40000000001,114080.79000000002,-599.609999999986
2024-05-14,IL,125459.64000000001,113614.48000000005,-11845.15999999996
2024-05-14,NC,118010.79000000004,115257.47000000002,-2753.3200000000215
2024-05-14,TX,159335.49,151566.83000000005,-7768.659999999945
2024-05-15,FL,150305.19,148610.02,-1695.1700000000128
2024-05-15,GA,145326.67000000004,131978.07,-13348.600000000035
2024-05-15,IL,137021.89,139328.87,2306.9799999999814
2024-05-15,NC,153593.60000000003,135325.46000000002,-18268.140000000014
2024-05-15,TX,151066.97000000006,157581.42,6514.449999999953
2024-05-16,FL,132971.19999999998,128272.48,-4698.719999999987
2024-05-16,GA,148368.98000000004,157580.44999999998,9211.469999999943
2024-05-16,IL,153451.09000000003,159784.97,6333.879999999976
2024-05-16,NC,164089.87999999998,157002.61000000002,-7087.26999999996
2024-05-16,TX,164887.46000000005,144953.65999999997,-19933.800000000076
2024-05-17,FL,126479.64000000001,123539.26000000001,-2940.3800000000047
2024-05-17,GA,127216.16999999998,116339.76,-10876.409999999989
2024-05-17,IL,134493.55000000002,131665.07,-2828.4800000000105
2024-05-17,NC,117901.17999999998,100703.04999999997,-17198.130000000005
2024-05-17,TX,131937.64,127200.18999999997,-4737.450000000041
2024-05-18,FL,173781.84000000003,153235.27,-20546.570000000036
2024-05-18,GA,158493.75,149035.64,-9458.109999999986
2024-05-18,IL,116594.43999999999,106421.23000000001,-10173.209999999977
2024-05-18,NC,129712.04999999997,108105.8,-21606.24999999997
2024-05-18,TX,137261.68999999997,135876.8,-1384.8899999999849
2024-05-19,FL,147918.67999999996,145293.89,-2624.78999999995
2024-05-19,GA,118851.98999999996,107983.20999999999,-10868.77999999997
2024-05-19,IL,156780.72,153814.74,-2965.9800000000105
2024-05-19,NC,175294.21999999994,176663.75000000003,1369.5300000000861
2024-05-19,TX,128833.88000000002,136198.69999999998,7364.819999999963
2024-05-20,FL,169673.26,163301.45,-6371.809999999998
2024-05-20,GA,126250.76000000002,124405.30000000002,-1845.4600000000064
2024-05-20,IL,117299.76,115821.01000000001,-1478.7499999999854
2024-05-20,NC,171416.27999999997,168356.99999999994,-3059.280000000028
2024-05-20,TX,127180.78999999995,119177.76999999996,-8003.0199999999895
2024-05-21,FL,171176.71,172743.58999999997,1566.8799999999756
2024-05-21,GA,114676.90999999997,114591.84999999998,-85.05999999999767
2024-05-21,IL,133126.94999999995,129390.93,-3736.0199999999604
2024-05-21,NC,134706.93999999997,122167.48000000003,-12539.459999999948
2024-05-21,TX,169796.37,169428.75000000003,-367.61999999996624
2024-05-22,FL,170189.0,161698.91999999998,-8490.080000000016
2024-05-22,GA,144341.20999999996,135316.91999999995,-9024.290000000008
2024-05-22,IL,123240.83000000003,120354.24000000003,-2886.5899999999965
2024-05-22,NC,114056.24,84544.85,-29511.39
2024-05-22,TX,141819.31,119275.90999999999,-22543.40000000001
2024-05-23,FL,173758.96999999997,148164.26,-25594.709999999963
2024-05-23,GA,112094.06999999998,120212.85999999997,8118.789999999994
2024-05-23,IL,130477.72,130646.31999999998,168.59999999997672
2024-05-23,NC,201821.25999999998,184336.50999999998,-17484.75
2024-05-23,TX,150750.26999999996,137111.07,-13639.199999999953
2024-05-24,FL,131840.02,135361.43,3521.4100000000035
2024-05-24,GA,138161.65999999997,137183.53,-978.1299999999756
2024-05-24,IL,131121.33,130081.82000000002,-1039.5099999999657
2024-05-24,NC,140621.66999999998,125363.12999999999,-15258.539999999994
2024-05-24,TX,153401.62999999998,140729.27999999997,-12672.350000000006
2024-05-25,FL,114219.49000000002,103801.91000000002,-10417.580000000002
2024-05-25,GA,135440.03,130075.66,-5364.369999999995
2024-05-25,IL,138576.42000000004,140601.73000000004,2025.3099999999977
2024-05-25,NC,158157.33000000002,152307.94999999998,-5849.380000000034
2024-05-25,TX,175013.28999999998,180599.69000000006,5586.4000000000815
2024-05-26,FL,173553.31000000003,174921.39000000007,1368.0800000000454
2024-05-26,GA,140238.04000000004,131380.54000000004,-8857.5
2024-05-26,IL,143146.95999999996,129657.33999999995,-13489.62000000001
2024-05-26,NC,138329.65000000002,143472.19,5142.539999999979
2024-05-26,TX,141806.88000000003,150293.96999999997,8487.089999999938
2024-05-27,FL,109783.94,92663.39,-17120.550000000003
2024-05-27,GA,147085.85,141400.51,-5685.3399999999965
2024-05-27,IL,95667.01000000001,92227.87000000001,-3439.1399999999994
2024-05-27,NC,150453.09000000003,151286.06999999998,832.9799999999523
2024-05-27,TX,141396.52000000002,136578.91999999998,-4817.600000000035
2024-05-28,FL,124890.48999999998,136788.30999999997,11897.819999999992
2024-05-28,GA,134392.60999999996,131403.37999999998,-2989.2299999999814
2024-05-28,IL,118332.06999999996,111697.79999999999,-6634.269999999975
2024-05-28,NC,149380.37999999998,135470.15999999997,-13910.220000000001
2024-05-28,TX,123195.61999999997,111015.99,-12179.629999999961
2024-05-29,FL,141335.81000000006,122881.66999999997,-18454.140000000087
2024-05-29,GA,169628.4700000001,171430.3200000001,1801.8500000000058
2024-05-29,IL,124011.79000000001,121246.83,-2764.9600000000064
2024-05-29,NC,129308.21999999999,105898.90000000002,-23409.319999999963
2024-05-29,TX,149200.96,134237.74000000002,-14963.219999999972
2024-05-30,FL,145908.48999999996,153812.73,7904.240000000049
2024-05-30,GA,148365.39,126397.74000000002,-21967.649999999994
2024-05-30,IL,160864.65000000002,151683.35999999996,-9181.290000000066
2024-05-30,NC,203053.95000000004,191123.72999999998,-11930.22000000006
2024-05-30,TX,129550.9,125307.81000000001,-4243.089999999982
2024-05-31,FL,173967.82000000004,174128.69,160.86999999996624
2024-05-31,GA,143577.13999999996,124959.09000000001,-18618.049999999945
2024-05-31,IL,161718.01,159980.05000000005,-1737.9599999999627
2024-05-31,NC,130330.67,113184.93999999999,-17145.73000000001
2024-05-31,TX,153542.04000000004,146523.40000000002,-7018.640000000014
2024-06-01,FL,152648.84999999998,143118.94999999998,-9529.899999999994
2024-06-01,GA,126782.61000000003,117163.70999999999,-9618.900000000038
2024-06-01,IL,160460.31,165042.11999999997,4581.809999999969
2024-06-01,NC,114073.85999999999,117520.04999999999,3446.1900000000023
2024-06-01,TX,135048.91999999998,142512.71999999997,7463.799999999988
2024-06-02,FL,125644.0,100406.10000000002,-25237.89999999998
2024-06-02,GA,106098.73999999999,102146.41,-3952.329999999987
2024-06-02,IL,118320.83000000003,110273.07000000002,-8047.760000000009
2024-06-02,NC,113831.7,109867.28,-3964.4199999999983
2024-06-02,TX,133718.6,131847.63999999996,-1870.96000000005
2024-06-03,FL,123733.08000000002,117277.91,-6455.170000000013
2024-06-03,GA,136549.19999999998,143327.4,6778.200000000012
2024-06-03,IL,102231.45000000003,89352.98000000004,-12878.469999999987
2024-06-03,NC,143723.43000000002,115634.11000000003,-28089.319999999992
2024-06-03,TX,134346.53,135621.06999999998,1274.539999999979
2024-06-04,FL,163624.80000000002,163435.82,-188.98000000001048
2024-06-04,GA,117430.73000000001,101888.60000000005,-15542.129999999961
2024-06-04,IL,143952.27000000002,122018.62,-21933.650000000023
2024-06-04,NC,125716.61000000002,117343.18000000002,-8373.429999999993
2024-06-04,TX,131421.45999999996,110972.85999999997,-20448.59999999999
2024-06-05,FL,124534.85999999999,100176.31,-24358.54999999999
2024-06-05,GA,128930.17,131280.63999999998,2350.4699999999866
2024-06-05,IL,161604.88,165530.16000000003,3925.280000000028
2024-06-05,NC,166946.88000000003,163335.01,-3611.8700000000244
2024-06-05,TX,133394.3,132358.02000000002,-1036.2799999999697
2024-06-06,FL,109808.64000000001,103989.47000000002,-5819.169999999998
2024-06-06,GA,139157.05,124404.06999999999,-14752.979999999996
2024-06-06,IL,161908.77000000002,137357.11000000002,-24551.660000000003
2024-06-06,NC,124249.72999999998,121803.85999999997,-2445.87000000001
2024-06-06,TX,118878.87999999996,121942.62,3063.7400000000343
2024-06-07,FL,116175.90000000001,115795.24000000005,-380.65999999995984
2024-06-07,GA,144076.28999999998,152630.53000000003,8554.240000000049
2024-06-07,IL,133926.28,120866.52,-13059.759999999995
2024-06-07,NC,145089.58000000005,138850.03999999998,-6239.540000000066
2024-06-07,TX,131410.93,125289.63999999996,-6121.290000000037
2024-06-08,FL,142427.25000000003,141310.0,-1117.250000000029
2024-06-08,GA,137706.52999999997,122271.44,-15435.089999999967
2024-06-08,IL,171951.94999999998,159316.14,-12635.809999999969
2024-06-08,NC,150164.77,143079.18999999994,-7085.580000000045
2024-06-08,TX,105966.87000000001,107876.30000000005,1909.4300000000367
2024-06-09,FL,103558.84,110006.77999999998,6447.939999999988
2024-06-09,GA,135481.12,125083.35,-10397.76999999999
2024-06-09,IL,141077.58999999994,128528.20999999996,-12549.379999999976
2024-06-09,NC,130757.82000000004,121879.32000000002,-8878.500000000015
2024-06-09,TX,123700.18999999999,116581.02999999998,-7119.1600000000035
2024-06-10,FL,92414.56000000001,88970.51,-3444.0500000000175
2024-06-10,GA,137458.47,102100.08,-35358.39
2024-06-10,IL,104207.80000000002,97120.27000000002,-7087.529999999999
2024-06-10,NC,169398.92999999996,149527.25999999998,-19871.669999999984
2024-06-10,TX,148996.05,145244.0,-3752.0499999999884
2024-06-11,FL,131075.77999999997,134433.00999999998,3357.2300000000105
2024-06-11,GA,130133.84,116750.46999999999,-13383.37000000001
2024-06-11,IL,139738.16,142588.81,2850.649999999994
2024-06-11,NC,131620.74,122367.25000000001,-9253.489999999976
2024-06-11,TX,127501.51000000001,116894.33999999998,-10607.170000000027
2024-06-12,FL,151888.87,148485.80999999994,-3403.060000000056
2024-06-12,GA,99694.89000000001,89355.93999999999,-10338.950000000026
2024-06-12,IL,104356.21,104341.25999999998,-14.950000000026193
2024-06-12,NC,169350.7,162819.46000000005,-6531.239999999962
2024-06-12,TX,120067.50999999998,119641.48,-426.0299999999843
2024-06-13,FL,146288.37000000005,132010.45,-14277.920000000042
2024-06-13,GA,153292.87999999998,155913.54,2620.6600000000326
2024-06-13,IL,126066.92,96890.67999999998,-29176.24000000002
2024-06-13,NC,147149.69000000006,136806.55000000002,-10343.140000000043
2024-06-13,TX,103428.55999999997,105940.94,2512.3800000000338
2024-06-14,FL,115380.24000000002,95685.43999999999,-19694.800000000032
2024-06-14,GA,122541.22999999997,104381.87,-18159.35999999997
2024-06-14,IL,140995.29000000004,135590.11000000004,-5405.179999999993
2024-06-14,NC,171388.62999999998,171311.38999999996,-77.24000000001979
2024-06-14,TX,116511.54000000001,102923.10000000002,-13588.439999999988
2024-06-15,FL,107990.80000000003,89178.9,-18811.900000000038
2024-06-15,GA,166221.16000000006,148812.02000000005,-17409.140000000014
2024-06-15,IL,147038.55999999997,136519.30000000002,-10519.259999999951
2024-06-15,NC,174295.01000000007,162035.46000000002,-12259.550000000047
2024-06-15,TX,150712.91,147441.52999999997,-3271.3800000000338
2024-06-16,FL,115043.76000000002,118325.72000000002,3281.959999999992
2024-06-16,GA,146716.91999999993,145563.79999999996,-1153.1199999999662
2024-06-16,IL,147621.92999999996,138794.97999999998,-8826.949999999983
2024-06-16,NC,147379.13,126393.93000000001,-20985.199999999997
2024-06-16,TX,154280.66999999998,132273.41,-22007.25999999998
2024-06-17,FL,124958.84000000001,122044.03000000001,-2914.8099999999977
2024-06-17,GA,111275.14000000003,104038.23,-7236.910000000033
2024-06-17,IL,130556.38999999998,121274.87999999999,-9281.509999999995
2024-06-17,NC,114736.39000000004,107561.76000000001,-7174.630000000034
2024-06-17,TX,147425.10999999996,125674.25000000001,-21750.859999999942
2024-06-18,FL,112632.02,104200.15999999997,-8431.86000000003
2024-06-18,GA,140561.49,136100.02999999997,-4461.460000000021
2024-06-18,IL,114460.20000000003,105139.2,-9321.00000000003
2024-06-18,NC,112474.03,111709.46,-764.5699999999924
2024-06-18,TX,145878.48999999996,132676.13,-13202.359999999957
2024-06-19,FL,89996.94,85956.68999999999,-4040.2500000000146
2024-06-19,GA,136710.77000000005,125664.54000000001,-11046.23000000004
2024-06-19,IL,119184.99,120444.25000000004,1259.2600000000384
2024-06-19,NC,159603.03999999998,159720.03999999998,117.0
2024-06-19,TX,121395.05,107786.02,-13609.029999999999
2024-06-20,FL,168683.82000000007,169073.57000000007,389.75
2024-06-20,GA,162711.84000000005,148667.92,-14043.920000000042
2024-06-20,IL,124748.34,126799.86000000003,2051.520000000033
2024-06-20,NC,149580.20999999996,154861.43,5281.22000000003
2024-06-20,TX,125550.19999999998,112247.71000000002,-13302.489999999962
2024-06-21,FL,134586.53000000003,135156.02000000002,569.4899999999907
2024-06-21,GA,119779.83999999997,118285.08999999995,-1494.7500000000146
2024-06-21,IL,151693.72,142816.31999999998,-8877.400000000023
2024-06-21,NC,135700.52000000002,122448.68999999999,-13251.83000000003
2024-06-21,TX,142574.31999999998,130926.24999999997,-11648.070000000007
2024-06-22,FL,162425.76000000004,156004.88000000003,-6420.880000000005
2024-06-22,GA,150454.72999999998,138468.59000000003,-11986.139999999956
2024-06-22,IL,151180.89,152887.86000000002,1706.9700000000012
2024-06-22,NC,130330.92000000003,119993.45000000001,-10337.470000000016
2024-06-22,TX,122828.90000000001,101529.66999999998,-21299.230000000025
2024-06-23,FL,155669.89999999997,137369.87000000002,-18300.02999999994
2024-06-23,GA,153225.2,159291.13999999996,6065.939999999944
2024-06-23,IL,188340.97,164883.15999999997,-23457.810000000027
2024-06-23,NC,144013.61999999997,157755.85,13742.23000000004
2024-06-23,TX,123612.56999999999,120334.43999999997,-3278.130000000019
2024-06-24,FL,204021.56,201079.24999999988,-2942.310000000114
2024-06-24,GA,148248.81,153898.11000000004,5649.300000000047
2024-06-24,IL,133954.51999999996,115687.87999999999,-18266.63999999997
2024-06-24,NC,141135.13,160167.53,19032.399999999994
2024-06-24,TX,135396.74999999997,124894.78,-10501.969999999972
2024-06-25,FL,122061.14000000004,114952.59,-7108.550000000047
2024-06-25,GA,180173.91000000003,171809.54,-8364.370000000024
2024-06-25,IL,124500.03,113897.25,-10602.779999999999
2024-06-25,NC,151645.50000000003,145422.49000000005,-6223.00999999998
2024-06-25,TX,181007.54,161034.01999999996,-19973.520000000048
2024-06-26,FL,122081.23000000001,119250.45999999996,-2830.7700000000477
2024-06-26,GA,89664.70999999999,81672.67999999998,-7992.030000000013
2024-06-26,IL,117522.85000000002,123897.41999999998,6374.569999999963
2024-06-26,NC,154041.44000000006,150749.88,-3291.560000000056
2024-06-26,TX,132715.12,127880.84999999996,-4834.270000000033
2024-06-27,FL,161689.39999999997,153948.82999999996,-7740.570000000007
2024-06-27,GA,144538.72999999998,141623.47999999998,-2915.25
2024-06-27,IL,104987.96000000004,106338.61000000004,1350.6500000000087
2024-06-27,NC,156936.40000000002,156696.84999999995,-239.55000000007567
2024-06-27,TX,160785.5,157155.47999999998,-3630.0200000000186
2024-06-28,FL,140550.79000000004,129066.65,-11484.140000000043
2024-06-28,GA,111680.76,104088.15,-7592.610000000001
2024-06-28,IL,173738.50999999998,161331.81999999992,-12406.69000000006
2024-06-28,NC,143875.38000000003,126216.25000000001,-17659.13000000002
2024-06-28,TX,122074.04999999997,113508.42,-8565.629999999976
2024-06-29,FL,154489.56,150497.49000000002,-3992.069999999978
2024-06-29,GA,113134.96000000002,91826.12000000001,-21308.84000000001
2024-06-29,IL,138424.48,134513.49,-3910.99000000002
2024-06-29,NC,125106.6,123295.61999999998,-1810.980000000025
2024-06-29,TX,161012.69000000003,147131.03000000006,-13881.659999999974
2024-06-30,FL,133235.37999999998,122622.13,-10613.24999999997
2024-06-30,GA,105322.94,101451.99,-3870.949999999997
2024-06-30,IL,133786.99999999997,125108.35999999996,-8678.640000000014
2024-06-30,NC,170002.96000000005,166938.32,-3064.640000000043
2024-06-30,TX,133506.40000000002,121905.46999999999,-11600.930000000037
2024-07-01,FL,162053.31000000006,171355.4800000001,9302.170000000042
2024-07-01,GA,85955.84999999998,84054.54999999996,-1901.3000000000175
2024-07-01,IL,135036.42999999996,128958.04999999994,-6078.380000000019
2024-07-01,NC,131271.05999999997,129143.56000000001,-2127.4999999999563
2024-07-01,TX,92173.41,88889.34000000003,-3284.069999999978
2024-07-02,FL,92070.52,96605.65000000001,4535.130000000005
2024-07-02,GA,158159.21999999997,168518.68999999997,10359.470000000001
2024-07-02,IL,115399.58000000002,113164.14,-2235.440000000017
2024-07-02,NC,178792.68000000002,154219.94,-24572.74000000002
2024-07-02,TX,96263.26999999999,85636.76999999996,-10626.50000000003
2024-07-03,FL,132751.02000000002,129961.20000000001,-2789.820000000007
2024-07-03,GA,122361.88000000003,117806.76000000004,-4555.119999999995
2024-07-03,IL,158423.0,152644.9,-5778.100000000006
2024-07-03,NC,136271.85999999993,114722.24,-21549.619999999923
2024-07-03,TX,152551.35,146265.96000000005,-6285.389999999956
2024-07-04,FL,124555.86000000002,127451.73999999999,2895.8799999999756
2024-07-04,GA,115190.53999999998,113482.73,-1707.8099999999831
2024-07-04,IL,98609.53000000003,90169.31000000003,-8440.220000000001
2024-07-04,NC,108144.60000000002,87034.7,-21109.900000000023
2024-07-04,TX,104206.48000000001,101435.39000000001,-2771.0899999999965
2024-07-05,FL,91485.63,98146.34000000001,6660.710000000006
2024-07-05,GA,105119.62999999999,81626.6,-23493.029999999984
2024-07-05,IL,146363.80000000002,124786.90000000001,-21576.90000000001
2024-07-05,NC,108521.73,110813.87,2292.1399999999994
2024-07-05,TX,142899.35000000003,137813.97000000006,-5085.379999999976
2024-07-06,FL,70228.76,69843.73999999999,-385.0200000000041
2024-07-06,GA,114321.08,109124.17,-5196.9100000000035
2024-07-06,IL,88151.41999999998,77856.85,-10294.569999999978
2024-07-06,NC,113455.49999999999,121356.79999999997,7901.299999999988
2024-07-06,TX,141048.15,125679.26000000001,-15368.889999999985
2024-07-07,FL,62081.92,58872.42999999999,-3209.4900000000052
2024-07-07,GA,98035.55999999998,79052.12000000001,-18983.439999999973
2024-07-07,IL,111747.73000000001,107541.22000000002,-4206.509999999995
2024-07-07,NC,95330.07999999999,87065.73999999998,-8264.340000000011
2024-07-07,TX,81469.10000000003,83086.62000000002,1617.5199999999895
2024-07-08,FL,82722.49,79275.84,-3446.6500000000087
2024-07-08,GA,101428.96999999999,99491.34,-1937.62999999999
2024-07-08,IL,135380.29,123705.81999999998,-11674.47000000003
2024-07-08,NC,125608.21000000002,123618.07,-1990.140000000014
2024-07-08,TX,88981.81,85413.69,-3568.1199999999953
2024-07-09,FL,91738.01,79930.28000000001,-11807.729999999981
2024-07-09,GA,90843.25000000001,94022.85999999997,3179.609999999957
2024-07-09,IL,139222.08000000002,140865.41000000006,1643.3300000000454
2024-07-09,NC,83186.12,77501.93000000001,-5684.189999999988
2024-07-09,TX,111663.09000000001,103923.50000000003,-7739.589999999982
2024-07-10,FL,85599.57,84520.58,-1078.9900000000052
2024-07-10,GA,93243.45000000001,94066.15000000002,822.7000000000116
2024-07-10,IL,74468.6,69306.04000000001,-5162.559999999998
2024-07-10,NC,80487.54000000001,67028.4,-13459.140000000014
2024-07-10,TX,78755.51000000001,76318.65000000001,-2436.8600000000006
2024-07-11,FL,77393.20999999999,82796.62999999999,5403.419999999998
2024-07-11,GA,53777.77,39291.819999999985,-14485.950000000012
2024-07-11,IL,91770.34,88309.39000000001,-3460.9499999999825
2024-07-11,NC,75472.39,75927.64,455.25
2024-07-11,TX,49303.21000000001,43343.47999999999,-5959.730000000018
2024-07-12,FL,104749.98000000001,97962.92000000003,-6787.059999999983
2024-07-12,GA,53309.369999999995,45866.18,-7443.189999999995
2024-07-12,IL,61832.44,67772.29000000002,5939.85000000002
2024-07-12,NC,42930.47,49470.759999999995,6540.289999999994
2024-07-12,TX,69331.41,65708.99,-3622.4199999999983
2024-07-13,FL,52662.05999999999,52688.71000000001,26.650000000016007
2024-07-13,GA,102003.78000000003,96055.54000000001,-5948.24000000002
2024-07-13,IL,80168.46999999999,73492.25,-6676.219999999987
2024-07-13,NC,55136.46,55871.79999999999,735.3399999999892
2024-07-13,TX,45598.82000000001,42375.92,-3222.9000000000087
2024-07-14,FL,77848.57,68279.03,-9569.540000000008
2024-07-14,GA,80029.66,88126.24999999999,8096.589999999982
2024-07-14,IL,93470.95999999998,77656.27999999998,-15814.679999999993
2024-07-14,NC,58983.790000000015,61294.95,2311.1599999999817
2024-07-14,TX,48391.24,42687.78999999999,-5703.450000000004
2024-07-15,FL,58918.16999999999,59400.1,481.93000000000757
2024-07-15,GA,67532.85,54921.51000000001,-12611.339999999997
2024-07-15,IL,55442.67,50312.299999999996,-5130.370000000003
2024-07-15,NC,50036.22000000001,48206.66000000001,-1829.5599999999977
2024-07-15,TX,58766.54,59380.96,614.4199999999983
2024-07-16,FL,58756.479999999996,63141.82999999999,4385.349999999991
2024-07-16,GA,84028.35999999999,75597.42,-8430.939999999988
2024-07-16,IL,77685.24,75957.07999999999,-1728.160000000018
2024-07-16,NC,70551.84000000001,73099.22,2547.37999999999
2024-07-16,TX,52750.26,52992.24,241.97999999999593
2024-07-17,FL,40120.19,40082.21,-37.9800000000032
2024-07-17,GA,59625.10999999999,48402.05,-11223.05999999999
2024-07-17,IL,46872.44,44835.81,-2036.6300000000047
2024-07-17,NC,79899.94,67404.34,-12495.600000000006
2024-07-17,TX,63336.59999999999,65853.1,2516.5000000000146
2024-07-18,FL,66683.88,65378.84999999999,-1305.0300000000134
2024-07-18,GA,30749.44,30144.739999999998,-604.7000000000007
2024-07-18,IL,39014.229999999996,40610.73,1596.5000000000073
2024-07-18,NC,56779.32000000001,57676.54,897.2199999999939
2024-07-18,TX,71664.42999999998,64106.73,-7557.699999999975
2024-07-19,FL,74998.51000000001,61134.330000000016,-13864.179999999993
2024-07-19,GA,38862.56999999999,32842.95,-6019.619999999995
2024-07-19,IL,55339.21000000001,55536.57000000001,197.36000000000058
2024-07-19,NC,52309.41,55254.72000000001,2945.310000000005
2024-07-19,TX,48411.19000000001,42094.86000000001,-6316.330000000002
2024-07-20,FL,25741.710000000003,23545.79,-2195.920000000002
2024-07-20,GA,28471.19,23079.500000000004,-5391.689999999995
2024-07-20,IL,31818.19,31692.279999999995,-125.91000000000349
2024-07-20,NC,75078.23999999999,72306.81999999999,-2771.4199999999983
2024-07-20,TX,31622.44,26697.44,-4925.0
2024-07-21,FL,48589.40000000001,39501.01,-9088.390000000007
2024-07-21,GA,41963.450000000004,41507.43000000001,-456.0199999999968
2024-07-21,IL,41427.19,41662.08,234.88999999999942
2024-07-21,NC,25790.7,29029.649999999994,3238.9499999999935
2024-07-21,TX,15239.549999999997,10813.279999999999,-4426.269999999999
2024-07-22,FL,21728.66,21825.500000000004,96.84000000000378
2024-07-22,GA,25335.44,24356.27,-979.1699999999983
2024-07-22,IL,41908.07000000001,37715.3,-4192.770000000004
2024-07-22,NC,43263.66,43404.97,141.30999999999767
2024-07-22,TX,36934.72,37879.34,944.6199999999953
2024-07-23,FL,50658.71,42503.55,-8155.159999999996
2024-07-23,GA,34635.64,33075.95,-1559.6900000000023
2024-07-23,IL,62198.34999999999,58836.619999999995,-3361.729999999996
2024-07-23,NC,27726.010000000002,27253.540000000005,-472.4699999999975
2024-07-23,TX,27219.079999999998,27127.05,-92.02999999999884
2024-07-24,FL,26715.120000000003,24301.120000000003,-2414.0
2024-07-24,GA,46353.35999999999,46526.469999999994,173.11000000000058
2024-07-24,IL,36011.0,30216.179999999997,-5794.820000000003
2024-07-24,NC,36757.67,29051.59,-7706.079999999998
2024-07-24,TX,15100.25,16287.84,1187.5900000000001
2024-07-25,FL,23924.899999999998,14651.15,-9273.749999999998
2024-07-25,GA,30734.18,32908.590000000004,2174.4100000000035
2024-07-25,IL,15696.25,16125.830000000002,429.58000000000175
2024-07-25,NC,27963.039999999997,29748.91,1785.8700000000026
2024-07-25,TX,16425.96,16223.84,-202.11999999999898
2024-07-26,FL,23557.06,20373.86,-3183.2000000000007
2024-07-26,GA,13801.390000000001,9095.32,-4706.0700000000015
2024-07-26,IL,27893.35,28030.96,137.61000000000058
2024-07-26,NC,4127.5,4287.91,160.40999999999985
2024-07-26,TX,21848.53,21211.13,-637.3999999999978
2024-07-27,FL,12587.61,12492.490000000002,-95.11999999999898
2024-07-27,GA,22393.53,22384.02,-9.5099999999984
2024-07-27,NC,21103.620000000003,21439.0,335.3799999999974
2024-07-27,TX,26718.210000000003,22262.370000000003,-4455.84
2024-07-28,FL,5215.08,5215.08,0.0
2024-07-28,GA,21527.98,21419.97,-108.0099999999984
2024-07-28,IL,840.53,840.53,0.0
2024-07-28,NC,2130.67,2130.67,0.0
2024-07-28,TX,14986.460000000001,15211.690000000002,225.23000000000138
2024-07-29,FL,3359.73,3527.72,167.98999999999978
2024-07-29,IL,2026.64,1925.31,-101.33000000000015
2024-07-29,NC,6651.32,6774.59,123.27000000000044
2024-07-29,TX,1191.53,1251.11,59.57999999999993
